MMAU1292344;MSK2018073;MSK
MNBU0147192;MSK2018073;MSK
SUDU5245725;MSK2018073;MSK
SUDU8064823;MSK2018073;MSK
MNBU0242332;MSK2018073;MSK
PONU2973908;MSK2018073;MSK
MWCU5717263;MSK2018073;MSK
MSWU0100114;MSK2018073;MSK
MSWU9029090;MSK2018073;MSK
SUDU6080830;MSK2018073;MSK
MNBU3105776;MSK2018073;MSK
MNBU3863225;MSK2018073;MSK
MNBU0335369;MSK2018073;MSK
MNBU3504380;MSK2018073;MSK
SUDU5125170;MSK2018073;MSK
SUDU8032235;MSK2018073;MSK
SUDU6209893;MSK2018073;MSK
SUDU5174175;MSK2018073;MSK
SUDU8048294;MSK2018073;MSK
SUDU6030824;MSK2018073;MSK
MWMU6311807;MSK2018073;MSK
SUDU6078520;MSK2018073;MSK
PONU2962689;MSK2018073;MSK
MNBU3240499;MSK2018073;MSK
SUDU8214353;MSK2018073;MSK
MNBU3370888;MSK2018073;MSK
PONU4888528;MSK2018073;MSK
SUDU8234025;MSK2018073;MSK
MNBU0220502;MSK2018073;MSK
SUDU5240220;MSK2018073;MSK
MNBU3628740;MSK2018073;MSK
MNBU3370126;MSK2018073;MSK
MNBU0527628;MSK2018073;MSK
MSWU9082602;MSK2018073;MSK
MNBU3094590;MSK2018073;MSK
MWCU5689069;MSK2018073;MSK
MNBU3770441;MSK2018073;MSK
MNBU3136458;MSK2018073;MSK
MSWU9105544;MSK2018073;MSK
MWCU5717258;MSK2018073;MSK
MWCU6665858;MSK2018073;MSK
MNBU0224257;MSK2018073;MSK
MNBU3237155;MSK2018073;MSK
SUDU6057189;MSK2018073;MSK
MNBU3316151;MSK2018073;MSK
MNBU0314751;MSK2018073;MSK
MNBU3842140;MSK2018073;MSK
MNBU3308109;MSK2018073;MSK
MNBU3797381;MSK2018073;MSK
MNBU0242923;MSK2018073;MSK
MNBU3954541;MSK2018073;MSK
MNBU3116641;MSK2018073;MSK
MSWU9068116;MSK2018073;MSK
MNBU0071306;MSK2018073;MSK
MNBU0131025;MSK2018073;MSK
MNBU3115136;MSK2018073;MSK
MWCU5228529;MSK2018073;MSK
MNBU3315540;MSK2018073;MSK
MWCU6279840;MSK2018073;MSK
MSWU0101764;MSK2018073;MSK
PONU4516259;MSK2018073;MSK
MNBU0191512;MSK2018073;MSK
MWCU6645492;MSK2018073;MSK
MNBU0134446;MSK2018073;MSK
MNBU3133844;MSK2018073;MSK
MWCU6661955;MSK2018073;MSK
SUDU8247260;MSK2018073;MSK
MWCU6811510;MSK2018073;MSK
SUDU6018897;MSK2018073;MSK
MNBU3665370;MSK2018073;MSK
SUDU6100541;MSK2018073;MSK
MWMU6360400;MSK2018073;MSK
MNBU3573925;MSK2018073;MSK
SUDU5240847;MSK2018073;MSK
MNBU3282880;MSK2018073;MSK
MWMU6335028;MSK2018073;MSK
SUDU5181003;MSK2018073;MSK
MNBU3607239;MSK2018073;MSK
SUDU9314526;MSK2018073;MSK
MNBU0285340;MSK2018073;MSK
SUDU5075526;MSK2018073;MSK
MNBU3098677;MSK2018073;MSK
MWCU6633700;MSK2018073;MSK
MWCU5237562;MSK2018073;MSK
MNBU3896044;MSK2018073;MSK
MNBU3266997;MSK2018073;MSK
MNBU0022030;MSK2018073;MSK
MNBU0115385;MSK2018073;MSK
MSWU0047792;MSK2018073;MSK
SUDU5167129;MSK2018073;MSK
MNBU3418657;MSK2018073;MSK
MWCU6941792;MSK2018073;MSK
SUDU6038234;MSK2018073;MSK
MNBU0081140;MSK2018073;MSK
MWCU6819819;MSK2018073;MSK
SUDU5282225;MSK2018073;MSK
SUDU8106894;MSK2018073;MSK
MWCU5240144;MSK2018073;MSK
MWCU6904680;MSK2018073;MSK
SUDU6063216;MSK2018073;MSK
MWCU5272310;MSK2018073;MSK
SUDU6008991;MSK2018073;MSK
SUDU9012594;MSK2018073;MSK
MNBU3740597;MSK2018073;MSK
MNBU3451064;MSK2018073;MSK
MWMU6400150;MSK2018073;MSK
SUDU6125236;MSK2018073;MSK
MWCU6685598;MSK2018073;MSK
SUDU6152078;MSK2018073;MSK
MNBU0245542;MSK2018073;MSK
MNBU9012177;MSK2018073;MSK
SUDU8219817;MSK2018073;MSK
MSWU9027014;MSK2018073;MSK
MWCU6761091;MSK2018073;MSK
SUDU5236744;MSK2018073;MSK
MWCU6683419;MSK2018073;MSK
SUDU5271513;MSK2018073;MSK
MNBU0540276;MSK2018073;MSK
SUDU6143939;MSK2018073;MSK
MWMU6343506;MSK2018073;MSK
MWCU5247004;MSK2018073;MSK
MNBU3693582;MSK2018073;MSK
SUDU5234994;MSK2018073;MSK
MNBU3742199;MSK2018073;MSK
MWCU6200871;MSK2018073;MSK
MWCU5296312;MSK2018073;MSK
MNBU3725843;MSK2018073;MSK
MNBU0375382;MSK2018073;MSK
SUDU8094366;MSK2018073;MSK
MNBU3099863;MSK2018073;MSK
SUDU8085261;MSK2018073;MSK
MNBU3640200;MSK2018073;MSK
MNBU0108895;MSK2018073;MSK
MNBU3369716;MSK2018073;MSK
MNBU0295034;MSK2018073;MSK
MNBU3000522;MSK2018073;MSK
SUDU5154667;MSK2018073;MSK
MNBU3792287;MSK2018073;MSK
MNBU3756572;MSK2018073;MSK
MNBU9020742;MSK2018073;MSK
MWCU5298399;MSK2018073;MSK
SUDU8073105;MSK2018073;MSK
MNBU0187087;MSK2018073;MSK
SUDU8018263;MSK2018073;MSK
MNBU3691635;MSK2018073;MSK
MNBU3582104;MSK2018073;MSK
MNBU3609381;MSK2018073;MSK
MWCU6770534;MSK2018073;MSK
MNBU3166339;MSK2018073;MSK
MSWU9020067;MSK2018073;MSK
MWCU5271567;MSK2018073;MSK
MNBU0364372;MSK2018073;MSK
PONU4822808;MSK2018073;MSK
PONU4994134;MSK2018073;MSK
MNBU3870292;MSK2018073;MSK
MNBU3512637;MSK2018073;MSK
MSWU1022593;MSK2018073;MSK
SUDU5154501;MSK2018073;MSK
MWCU5241011;MSK2018073;MSK
SUDU6074709;MSK2018073;MSK
MWCU5288702;MSK2018073;MSK
MNBU3345530;MSK2018073;MSK
MNBU0207780;MSK2018073;MSK
SUDU6023147;MSK2018073;MSK
MWMU6444902;MSK2018073;MSK
MNBU0068196;MSK2018073;MSK
SUDU8182301;MSK2018073;MSK
MWMU6344190;MSK2018073;MSK
MNBU0018770;MSK2018073;MSK
MNBU3884660;MSK2018073;MSK
MSWU0067253;MSK2018073;MSK
MNBU0209930;MSK2018073;MSK
SUDU5112126;MSK2018073;MSK
MNBU3477500;MSK2018073;MSK
MNBU0120139;MSK2018073;MSK
SUDU6232846;MSK2018073;MSK
MNBU3726325;MSK2018073;MSK
PONU4983253;MSK2018073;MSK
MNBU0320590;MSK2018073;MSK
SUDU5194335;MSK2018073;MSK
SUDU8001677;MSK2018073;MSK
MNBU3800844;MSK2018073;MSK
MNBU3073895;MSK2018073;MSK
MWMU6446633;MSK2018073;MSK
SUDU8239310;MSK2018073;MSK
MNBU0552488;MSK2018073;MSK
MWMU6380182;MSK2018073;MSK
MNBU0112196;MSK2018073;MSK
SUDU8181183;MSK2018073;MSK
MNBU3503830;MSK2018073;MSK
MNBU0244340;MSK2018073;MSK
MNBU3746194;MSK2018073;MSK
SUDU9303012;MSK2018073;MSK
MNBU3018223;MSK2018073;MSK
MWCU6669128;MSK2018073;MSK
SUDU5230140;MSK2018073;MSK
MWMU6367051;MSK2018073;MSK
MNBU3932223;MSK2018073;MSK
MNBU3194433;MSK2018073;MSK
SUDU6083383;MSK2018073;MSK
MWCU6661338;MSK2018073;MSK
MNBU9004356;MSK2018073;MSK
MNBU9027562;MSK2018073;MSK
PONU2888811;MSK2018073;MSK
SUDU8048720;MSK2018073;MSK
MSWU1001815;MSK2018073;MSK
SUDU6124630;MSK2018073;MSK
MWCU6936369;MSK2018073;MSK
MNBU3683115;MSK2018073;MSK
SUDU5013015;MSK2018073;MSK
MNBU3320151;MSK2018073;MSK
SUDU8102986;MSK2018073;MSK
MNBU0145409;MSK2018073;MSK
MSWU9057045;MSK2018073;MSK
SUDU5157080;MSK2018073;MSK
MNBU3286674;MSK2018073;MSK
DAYU6700036;MSK2018073;MSK
SUDU5155771;MSK2018073;MSK
SUDU6260452;MSK2018073;MSK
MNBU0483427;MSK2018073;MSK
SUDU6046749;MSK2018073;MSK
SUDU6021334;MSK2018073;MSK
PONU4836627;MSK2018073;MSK
MWCU6674850;MSK2018073;MSK
MNBU3020004;MSK2018073;MSK
PONU4897936;MSK2018073;MSK
MNBU9009321;MSK2018073;MSK
MNBU3720728;MSK2018073;MSK
MNBU3864345;MSK2018073;MSK
MNBU3531010;MSK2018073;MSK
SUDU8005292;MSK2018073;MSK
MNBU3759653;MSK2018073;MSK
MNBU0465697;MSK2018073;MSK
MNBU3194156;MSK2018073;MSK
MSWU9019298;MSK2018073;MSK
MNBU3470676;MSK2018073;MSK
SUDU8029890;MSK2018073;MSK
MWMU6385950;MSK2018073;MSK
SUDU5203674;MSK2018073;MSK
SUDU8031265;MSK2018073;MSK
MWCU6794433;MSK2018073;MSK
SUDU6113019;MSK2018073;MSK
MNBU0130461;MSK2018073;MSK
MNBU0534801;MSK2018073;MSK
SUDU6066679;MSK2018073;MSK
MNBU0319413;MSK2018073;MSK
MNBU3588822;MSK2018073;MSK
SUDU8215642;MSK2018073;MSK
MWCU5299029;MSK2018073;MSK
MNBU0031915;MSK2018073;MSK
MNBU3462752;MSK2018073;MSK
SUDU5137778;MSK2018073;MSK
SUDU8198099;MSK2018073;MSK
MNBU3102252;MSK2018073;MSK
MWCU6904588;MSK2018073;MSK
MNBU0105828;MSK2018073;MSK
MWCU6870831;MSK2018073;MSK
MNBU3319103;MSK2018073;MSK
MNBU3248951;MSK2018073;MSK
SUDU5121299;MSK2018073;MSK
MWCU6835830;MSK2018073;MSK
MNBU0190368;MSK2018073;MSK
MNBU3537403;MSK2018073;MSK
MNBU3320716;MSK2018073;MSK
MNBU3932603;MSK2018073;MSK
MNBU3841587;MSK2018073;MSK
MNBU3543807;MSK2018073;MSK
MNBU3313640;MSK2018073;MSK
SUDU8091881;MSK2018073;MSK
MNBU3503949;MSK2018073;MSK
MNBU0340386;MSK2018073;MSK
MNBU0464915;MSK2018073;MSK
SUDU6198905;MSK2018073;MSK
MNBU0135885;MSK2018073;MSK
MWCU5237916;MSK2018073;MSK
SUDU5184086;MSK2018073;MSK
MNBU3085746;MSK2018073;MSK
MWCU6957280;MSK2018073;MSK
MNBU3050903;MSK2018073;MSK
MSWU0010793;MSK2018073;MSK
MNBU3146142;MSK2018073;MSK
MWMU6414549;MSK2018073;MSK
MWCU5329479;MSK2018073;MSK
MNBU3734486;MSK2018073;MSK
MNBU3370722;MSK2018073;MSK
MCAU8570827;MSK2018073;MSK
MNBU0222927;MSK2018073;MSK
MSWU0011188;MSK2018073;MSK
MNBU0397761;MSK2018073;MSK
MSWU0008693;MSK2018073;MSK
MNBU3214015;MSK2018073;MSK
MNBU9010889;MSK2018073;MSK
MWMU6388898;MSK2018073;MSK
MNBU0322124;MSK2018073;MSK
SUDU5221493;MSK2018073;MSK
MCAU8561574;MSK2018073;MSK
MWMU6339086;MSK2018073;MSK
MNBU3039972;MSK2018073;MSK
SUDU6123803;MSK2018073;MSK
MWCU6798758;MSK2018073;MSK
SUDU6201418;MSK2018073;MSK
MWMU6356231;MSK2018073;MSK
MWCU5298932;MSK2018073;MSK
MNBU3280629;MSK2018073;MSK
SUDU6050902;MSK2018073;MSK
MNBU0180267;MSK2018073;MSK
SUDU6131938;MSK2018073;MSK
MSWU1039256;MSK2018073;MSK
MNBU3641341;MSK2018073;MSK
SUDU6261802;MSK2018073;MSK
MNBU3018917;MSK2018073;MSK
MWMU6438140;MSK2018073;MSK
MNBU0279579;MSK2018073;MSK
MNBU0423623;MSK2018073;MSK
MNBU3904659;MSK2018073;MSK
SUDU6031836;MSK2018073;MSK
SUDU6015028;MSK2018073;MSK
MNBU0172560;MSK2018073;MSK
PONU4851787;MSK2018073;MSK
MNBU3734418;MSK2018073;MSK
MWCU6264834;MSK2018073;MSK
SUDU5294988;MSK2018073;MSK
MNBU4045917;MSK2018073;MSK
MNBU0267109;MSK2018073;MSK
MNBU0362390;MSK2018073;MSK
MWCU6904192;MSK2018073;MSK
MNBU3238439;MSK2018073;MSK
MNBU3015013;MSK2018073;MSK
MNBU3792604;MSK2018073;MSK
MWCU6692318;MSK2018073;MSK
MNBU3398397;MSK2018073;MSK
MNBU3911703;MSK2018073;MSK
SUDU8184541;MSK2018073;MSK
MNBU4127403;MSK2018073;MSK
MNBU3730578;MSK2018073;MSK
MNBU3777071;MSK2018073;MSK
SUDU8228980;MSK2018073;MSK
MNBU3839527;MSK2018073;MSK
SUDU6273151;MSK2018073;MSK
MNBU3527410;MSK2018073;MSK
MWCU5281478;MSK2018073;MSK
MWCU5328533;MSK2018073;MSK
CNIU2213278;MSK2018073;MSK
MWCU5232175;MSK2018073;MSK
MNBU0347694;MSK2018073;MSK
SUDU5229133;MSK2018073;MSK
MNBU0509769;MSK2018073;MSK
SUDU6283777;MSK2018073;MSK
MNBU9028255;MSK2018073;MSK
MWCU5229799;MSK2018073;MSK
SUDU5157455;MSK2018073;MSK
MNBU3149183;MSK2018073;MSK
MNBU3321121;MSK2018073;MSK
MWCU6983695;MSK2018073;MSK
MNBU3760063;MSK2018073;MSK
MNBU3570361;MSK2018073;MSK
MNBU3964806;MSK2018073;MSK
MWCU6651176;MSK2018073;MSK
SUDU5290236;MSK2018073;MSK
MNBU3438118;MSK2018073;MSK
MWCU6654982;MSK2018073;MSK
MNBU0369348;MSK2018073;MSK
SUDU5021350;MSK2018073;MSK
MNBU3096268;MSK2018073;MSK
MSWU9052784;MSK2018073;MSK
MNBU3896830;MSK2018073;MSK
MWMU6429997;MSK2018073;MSK
SUDU6252930;MSK2018073;MSK
MNBU3134964;MSK2018073;MSK
MWMU6394627;MSK2018073;MSK
MNBU0155135;MSK2018073;MSK
SUDU5164330;MSK2018073;MSK
MNBU3910610;MSK2018073;MSK
MNBU0270170;MSK2018073;MSK
SUDU8010920;MSK2018073;MSK
SUDU5194187;MSK2018073;MSK
MNBU0428815;MSK2018073;MSK
MNBU3857813;MSK2018073;MSK
SUDU6202013;MSK2018073;MSK
MNBU3021232;MSK2018073;MSK
MNBU3907112;MSK2018073;MSK
MSWU9078602;MSK2018073;MSK
SUDU8035471;MSK2018073;MSK
MNBU3658133;MSK2018073;MSK
MWMU6322231;MSK2018073;MSK
MWCU6761194;MSK2018073;MSK
MNBU9006889;MSK2018073;MSK
MNBU3105415;MSK2018073;MSK
MNBU0518708;MSK2018073;MSK
MNBU3308243;MSK2018073;MSK
MWCU6851641;MSK2018073;MSK
SUDU8025426;MSK2018073;MSK
CNIU2219595;MSK2018073;MSK
MWMU6328522;MSK2018073;MSK
MSWU9034775;MSK2018073;MSK
MNBU0037493;MSK2018073;MSK
SUDU8215513;MSK2018073;MSK
MNBU0459884;MSK2018073;MSK
MWMU6363842;MSK2018073;MSK
MNBU0347288;MSK2018073;MSK
MWCU6779418;MSK2018073;MSK
MNBU0397020;MSK2018073;MSK
SUDU5118628;MSK2018073;MSK
MNBU3329293;MSK2018073;MSK
SUDU6007969;MSK2018073;MSK
MNBU3568908;MSK2018073;MSK
SUDU6040458;MSK2018073;MSK
SUDU5272931;MSK2018073;MSK
SUDU6229312;MSK2018073;MSK
MNBU3793278;MSK2018073;MSK
SUDU8011280;MSK2018073;MSK
SUDU6221097;MSK2018073;MSK
MNBU3204450;MSK2018073;MSK
MSWU9055171;MSK2018073;MSK
MNBU0280610;MSK2018073;MSK
MNBU0355025;MSK2018073;MSK
MNBU3998302;MSK2018073;MSK
MWCU5306257;MSK2018073;MSK
MNBU3060408;MSK2018073;MSK
MWCU5275310;MSK2018073;MSK
MNBU3694911;MSK2018073;MSK
MSWU9004019;MSK2018073;MSK
MNBU3291500;MSK2018073;MSK
MNBU3101723;MSK2018073;MSK
MSWU0108970;MSK2018073;MSK
MNBU3891818;MSK2018073;MSK
MWCU6879994;MSK2018073;MSK
MNBU3770117;MSK2018073;MSK
MNBU3279335;MSK2018073;MSK
MNBU0260064;MSK2018073;MSK
MNBU3913157;MSK2018073;MSK
DAYU6707196;MSK2018073;MSK
MNBU0413625;MSK2018073;MSK
SUDU8232887;MSK2018073;MSK
MWCU6658993;MSK2018073;MSK
MNBU3245952;MSK2018073;MSK
MNBU0196690;MSK2018073;MSK
SUDU6043441;MSK2018073;MSK
MNBU3450031;MSK2018073;MSK
MWMU6363246;MSK2018073;MSK
SUDU5117529;MSK2018073;MSK
MWCU6688350;MSK2018073;MSK
SUDU5153383;MSK2018073;MSK
MNBU3051896;MSK2018073;MSK
MNBU0297248;MSK2018073;MSK
DAYU6712720;MSK2018073;MSK
SUDU8119000;MSK2018073;MSK
SUDU8068388;MSK2018073;MSK
MNBU3864598;MSK2018073;MSK
SUDU9200122;MSK2018073;MSK
MNBU3306174;MSK2018073;MSK
SUDU6142871;MSK2018073;MSK
MNBU3020750;MSK2018073;MSK
SUDU8137848;MSK2018073;MSK
MWCU6822411;MSK2018073;MSK
MNBU3139631;MSK2018073;MSK
SUDU6283458;MSK2018073;MSK
MNBU3604034;MSK2018073;MSK
MWCU5325431;MSK2018073;MSK
SUDU8071648;MSK2018073;MSK
MNBU3517789;MSK2018073;MSK
MWCU6824796;MSK2018073;MSK
MNBU0285756;MSK2018073;MSK
MWCU6833890;MSK2018073;MSK
MNBU0014604;MSK2018073;MSK
MWMU6415756;MSK2018073;MSK
SUDU8178810;MSK2018073;MSK
MNBU3473546;MSK2018073;MSK
MNBU0268996;MSK2018073;MSK
MWCU6294607;MSK2018073;MSK
MWCU6869954;MSK2018073;MSK
MSWU9105945;MSK2018073;MSK
MNBU0312105;MSK2018073;MSK
PONU4951615;MSK2018073;MSK
PONU4883085;MSK2018073;MSK
MWCU6718686;MSK2018073;MSK
MWMU6319433;MSK2018073;MSK
MNBU3446330;MSK2018073;MSK
MSWU0026790;MSK2018073;MSK
MNBU0254987;MSK2018073;MSK
MNBU9008238;MSK2018073;MSK
PONU4826320;MSK2018073;MSK
MNBU0331698;MSK2018073;MSK
MSWU9065605;MSK2018073;MSK
MSWU9040145;MSK2018073;MSK
SUDU6104866;MSK2018073;MSK
MNBU3635483;MSK2018073;MSK
MNBU3278030;MSK2018073;MSK
SUDU8214939;MSK2018073;MSK
MNBU3199749;MSK2018073;MSK
MNBU3267695;MSK2018073;MSK
MNBU3413629;MSK2018073;MSK
MWCU5310051;MSK2018073;MSK
MNBU0204585;MSK2018073;MSK
MNBU3658719;MSK2018073;MSK
MWCU6693844;MSK2018073;MSK
MWCU6555110;MSK2018073;MSK
MNBU3180770;MSK2018073;MSK
PONU4928410;MSK2018073;MSK
MNBU3577047;MSK2018073;MSK
MNBU0132269;MSK2018073;MSK
MNBU3799050;MSK2018073;MSK
MWCU6630131;MSK2018073;MSK
MNBU0434551;MSK2018073;MSK
SUDU8150259;MSK2018073;MSK
SUDU5075629;MSK2018073;MSK
MWMU6439803;MSK2018073;MSK
MNBU3458330;MSK2018073;MSK
MNBU3776326;MSK2018073;MSK
SUDU8218955;MSK2018073;MSK
SUDU6104906;MSK2018073;MSK
MWCU5237080;MSK2018073;MSK
MNBU3488490;MSK2018073;MSK
MNBU3660866;MSK2018073;MSK
MSWU0032154;MSK2018073;MSK
MSWU0045803;MSK2018073;MSK
MNBU3938685;MSK2018073;MSK
MNBU3744930;MSK2018073;MSK
MWMU6414908;MSK2018073;MSK
MWCU6692869;MSK2018073;MSK
MSWU9056305;MSK2018073;MSK
MSWU0112671;MSK2018073;MSK
MNBU3195722;MSK2018073;MSK
TEMU9256386;MSK2018073;MSK
MNBU3445729;MSK2018073;MSK
MNBU3702730;MSK2018073;MSK
MWMU6448554;MSK2018073;MSK
MNBU0306910;MSK2018073;MSK
MSWU0077354;MSK2018073;MSK
MWCU6778474;MSK2018073;MSK
MNBU0273971;MSK2018073;MSK
MNBU0419670;MSK2018073;MSK
MWSU9096675;MSK2018073;MSK
MNBU3003753;MSK2018073;MSK
MNBU3210426;MSK2018073;MSK
MNBU4000532;MSK2018073;MSK
MNBU0060889;MSK2018073;MSK
MNBU3264037;MSK2018073;MSK
MSWU0002313;MSK2018073;MSK
SUDU6262877;MSK2018073;MSK
MNBU4008826;MSK2018073;MSK
SUDU6178832;MSK2018073;MSK
MNBU3037286;MSK2018073;MSK
MNBU3203772;MSK2018073;MSK
MNBU3568873;MSK2018073;MSK
MWCU6300989;MSK2018073;MSK
MNBU3280402;MSK2018073;MSK
MNBU3677160;MSK2018073;MSK
MNBU0462105;MSK2018073;MSK
MNBU0461789;MSK2018073;MSK
MWCU6642174;MSK2018073;MSK
MNBU3568030;MSK2018073;MSK
MNBU3640860;MSK2018073;MSK
MNBU4007537;MSK2018073;MSK
SUDU6293456;MSK2018073;MSK
MNBU0055460;MSK2018073;MSK
MNBU3749850;MSK2018073;MSK
MNBU3502006;MSK2018073;MSK
MSWU0041325;MSK2018073;MSK
MNBU3551510;MSK2018073;MSK
MNBU0031617;MSK2018073;MSK
MNBU3787315;MSK2018073;MSK
MNBU0099176;MSK2018073;MSK
MNBU9003257;MSK2018073;MSK
MNBU3620061;MSK2018073;MSK
MNBU3263323;MSK2018073;MSK
MWCU5279969;MSK2018073;MSK
MCAU8566703;MSK2018073;MSK
MNBU0079328;MSK2018073;MSK
MSWU9029613;MSK2018073;MSK
MNBU4015065;MSK2018073;MSK
MNBU3292002;MSK2018073;MSK
MNBU0275151;MSK2018073;MSK
MNBU0431948;MSK2018073;MSK
MNBU0516109;MSK2018073;MSK
MNBU0098879;MSK2018073;MSK
MWCU6931808;MSK2018073;MSK
PONU4942906;MSK2018073;MSK
MNBU0046010;MSK2018073;MSK
MWCU6841155;MSK2018073;MSK
MWCU6860113;MSK2018073;MSK
MNBU3531365;MSK2018073;MSK
MSWU9000878;MSK2018073;MSK
MWMU6364392;MSK2018073;MSK
MNBU3730881;MSK2018073;MSK
SUDU5172676;MSK2018073;MSK
MWCU6742846;MSK2018073;MSK
MNBU3193490;MSK2018073;MSK
MNBU3473464;MSK2018073;MSK
MNBU0349151;MSK2018073;MSK
SUDU8004212;MSK2018073;MSK
MNBU3492443;MSK2018073;MSK
MNBU3081972;MSK2018073;MSK
MNBU3556255;MSK2018073;MSK
MNBU3580457;MSK2018073;MSK
MNBU3901768;MSK2018073;MSK
MNBU0363822;MSK2018073;MSK
MNBU0057890;MSK2018073;MSK
MWMU6422863;MSK2018073;MSK
MNBU3947373;MSK2018073;MSK
MNBU3062479;MSK2018073;MSK
MNBU0347082;MSK2018073;MSK
MNBU4012410;MSK2018073;MSK
MWCU5317190;MSK2018073;MSK
MNBU3666503;MSK2018073;MSK
MNBU3839419;MSK2018073;MSK
MWCU6963298;MSK2018073;MSK
MNBU0145353;MSK2018073;MSK
MNBU0408803;MSK2018073;MSK
MNBU0147079;MSK2018073;MSK
MNBU3833370;MSK2018073;MSK
MNBU0508150;MSK2018073;MSK
MNBU3655643;MSK2018073;MSK
MNBU0297443;MSK2018073;MSK
MSWU0054214;MSK2018073;MSK
MNBU3358413;MSK2018073;MSK
MWCU5320770;MSK2018073;MSK
MNBU3575168;MSK2018073;MSK
MSWU0069106;MSK2018073;MSK
MNBU0428667;MSK2018073;MSK
MNBU3283850;MSK2018073;MSK
SUDU6204572;MSK2018073;MSK
MNBU4031723;MSK2018073;MSK
MNBU0491870;MSK2018073;MSK
MWCU6740083;MSK2018073;MSK
MNBU3041814;MSK2018073;MSK
SUDU6100813;MSK2018073;MSK
MWCU6791286;MSK2018073;MSK
MNBU3821981;MSK2018073;MSK
MNBU3658236;MSK2018073;MSK
SUDU8162347;MSK2018073;MSK
SUDU5196430;MSK2018073;MSK
MNBU3675911;MSK2018073;MSK
MNBU9016784;MSK2018073;MSK
SUDU6104568;MSK2018073;MSK
MWCU6735533;MSK2018073;MSK
MNBU4126032;MSK2018073;MSK
SUDU5125550;MSK2018073;MSK
MWCU5323151;MSK2018073;MSK
MNBU3667011;MSK2018073;MSK
SUDU6207057;MSK2018073;MSK
MNBU3723096;MSK2018073;MSK
MNBU0479010;MSK2018073;MSK
MWMU6446802;MSK2018073;MSK
MNBU0537251;MSK2018073;MSK
PONU4877143;MSK2018073;MSK
MNBU3419397;MSK2018073;MSK
MNBU3550508;MSK2018073;MSK
CNIU2221720;MSK2018073;MSK
MNBU3842650;MSK2018073;MSK
MWCU6776039;MSK2018073;MSK
SUDU5164916;MSK2018073;MSK
MNBU0197249;MSK2018073;MSK
MNBU3691255;MSK2018073;MSK
MNBU3768779;MSK2018073;MSK
TRIU8036770;MSK2018073;MSK
MNBU9009018;MSK2018073;MSK
MWCU6930210;MSK2018073;MSK
MNBU3234921;MSK2018073;MSK
SUDU8023892;MSK2018073;MSK
SUDU5272274;MSK2018073;MSK
MNBU3974810;MSK2018073;MSK
SUDU8167328;MSK2018073;MSK
MNBU3126249;MSK2018073;MSK
MWCU6876207;MSK2018073;MSK
MNBU3626157;MSK2018073;MSK
MWCU5288106;MSK2018073;MSK
MNBU3556466;MSK2018073;MSK
MSWU0060259;MSK2018073;MSK
MNBU0036579;MSK2018073;MSK
MNBU3381795;MSK2018073;MSK
SUDU6107675;MSK2018073;MSK
MSWU0028909;MSK2018073;MSK
MNBU3463698;MSK2018073;MSK
MNBU3769034;MSK2018073;MSK
SUDU5113544;MSK2018073;MSK
MNBU0478009;MSK2018073;MSK
MNBU3315854;MSK2018073;MSK
SUDU8063175;MSK2018073;MSK
MNBU3344620;MSK2018073;MSK
SUDU6172881;MSK2018073;MSK
MWCU5285215;MSK2018073;MSK
MNBU3727532;MSK2018073;MSK
SUDU5121278;MSK2018073;MSK
MNBU0468696;MSK2018073;MSK
MNBU3512832;MSK2018073;MSK
MWCU6701507;MSK2018073;MSK
MNBU3475282;MSK2018073;MSK
MNBU3181837;MSK2018073;MSK
SUDU8199412;MSK2018073;MSK
MNBU3268449;MSK2018073;MSK
MNBU0377169;MSK2018073;MSK
MWCU6870240;MSK2018073;MSK
MNBU3618423;MSK2018073;MSK
MNBU3428491;MSK2018073;MSK
MWCU6864633;MSK2018073;MSK
MNBU3635380;MSK2018073;MSK
MNBU0016016;MSK2018073;MSK
MWCU5329334;MSK2018073;MSK
MNBU0344817;MSK2018073;MSK
MWCU6771968;MSK2018073;MSK
MWCU6670643;MSK2018073;MSK
MNBU0299410;MSK2018073;MSK
MNBU0351420;MSK2018073;MSK
MSWU0063601;MSK2018073;MSK
MWMU6421928;MSK2018073;MSK
MSWU0018881;MSK2018073;MSK
MNBU0175403;MSK2018073;MSK
CNIU2230064;MSK2018073;MSK
SUDU6176249;MSK2018073;MSK
MNBU3668419;MSK2018073;MSK
SUDU8245523;MSK2018073;MSK
MNBU3260350;MSK2018073;MSK
SUDU8082149;MSK2018073;MSK
SUDU6138779;MSK2018073;MSK
